{
   "file_counts" : 14,
   "file_list" : [
      {
         "file_describe_code" : 0,
         "file_name" : "left-B_Cu.gbr",
         "layer_name" : "bl"
      },
      {
         "file_describe_code" : 0,
         "file_name" : "left-B_Mask.gbr",
         "layer_name" : "bs"
      },
      {
         "file_describe_code" : 0,
         "file_name" : "left-B_Paste.gbr",
         "layer_name" : "bp"
      },
      {
         "file_describe_code" : 0,
         "file_name" : "left-B_Silkscreen.gbr",
         "layer_name" : "bo"
      },
      {
         "file_describe_code" : 2,
         "file_name" : "left-Edge_Cuts.gbr",
         "layer_name" : "gko"
      },
      {
         "file_describe_code" : 0,
         "file_name" : "left-F_Cu.gbr",
         "layer_name" : "tl"
      },
      {
         "file_describe_code" : 0,
         "file_name" : "left-F_Mask.gbr",
         "layer_name" : "ts"
      },
      {
         "file_describe_code" : 0,
         "file_name" : "left-F_Paste.gbr",
         "layer_name" : "tp"
      },
      {
         "file_describe_code" : 0,
         "file_name" : "left-F_Silkscreen.gbr",
         "layer_name" : "to"
      },
      {
         "file_describe_code" : 3,
         "file_name" : "left-NPTH-drl_map.gbr",
         "layer_name" : "dd1"
      },
      {
         "file_describe_code" : 0,
         "file_name" : "left-NPTH.drl",
         "layer_name" : "npth"
      },
      {
         "file_describe_code" : 3,
         "file_name" : "left-PTH-drl_map.gbr",
         "layer_name" : "dd"
      },
      {
         "file_describe_code" : 0,
         "file_name" : "left-PTH.drl",
         "layer_name" : "drl"
      },
      {
         "file_describe_code" : 4,
         "file_name" : "left-job.gbrjob",
         "layer_name" : "nil"
      }
   ]
}
